abase,(v)降低自己、使卑下
abate,(v)減輕、減少
abatement,(n)減輕、減少
acerbic,(adj)苦澀的、刻薄的
acerbity,(n)苦澀、刻薄
acrid,(adj)辛辣的、刻薄的
acrimonious,(adj)(言語;態度)尖酸刻薄的
acrimony,(n)尖刻、刻薄
acrobat,(n)特技演員 acro(高) + bat(走)
acrobatic,(adj)特技飛行的
actuate,(v)驅使、激勵
acuity,(n)(才智的)敏銳;(疾病的)劇烈
acumen,(n)聰明;敏銳
addle,(adj)腐壞的、混濁的
adept,(adj)熟練的、內行的
agile,(adj)靈敏的
agitate,(v)攪動；煽動；使不安
agog,(adj)渴望的、極興奮的
agony,(n)極大的痛苦
agoraphobic,(adj)患田野恐懼症的
agrarian,(adj)土地的
agronomy,(n)農業、農業學
ail,(n)生病
ailment,(n)生病(=illness)
alienate,(v)使疏遠、離間
altruism,(n)利他主義 altru(其他) + ism(主義)
amble,(v)從容漫步、閒逛
ambulatory,(adj)(適宜於)步行的
amiale,(adj)和藹的、親切的
amicable,(adj)友好的
amity,(n)和睦、親善、(國與國之間)友好關係
amplitude,(n)廣大、廣闊
anaerobic,(adj)厭氧的
analgesia,(n)無痛覺、痛覺喪失 an(無、不) + alg(痛) + ia
analgesic,(adj)鎮痛劑、止痛的
anarchy,(n)無政府、政治混亂 an(不) + archy(統治)
ancestry,(n)家系
anguish,(n)極大的痛苦 (=agony)
animadversion,(n)批評、非難anim(心智) + ad(在) + vert(轉)
animadvert,(v)批評、非難anim(心智) + ad(在) + vert(轉)
animosity,(n)憎惡、仇恨 animo(=animal動物) + sity(=city城市) →動物痛恨城市
animus,(n)敵意、贈恨
antagonism,(n)對抗、敵對
antagonistic,(adj)敵對的、對抗的
antagonize,(v)使對抗、與...對抗
antecedent,(n)先例、祖先
antedate,(n)先於、早於
antiquate,(v)廢棄、使過時
antiquated,(adj)過時的、陳舊的 (=obsolete)
antropology,(n)人類學
aptitude,(n)適宜、才能、資質
aquatic,(adj)水中的、水生的
aqueous,(adj)水的
aquifer,(n)含水土層、地下蓄水層
arbiter,(n)權威人士
arbitrary,(adj)專橫的、不講理的
arbitrate,(v)仲裁、公斷
arboreal,(adj)樹木的
arboretum,(n)植物園
ardent,(adj)熱烈的、激烈的
armistice,(n)休戰、停戰 arm(武器) + i + st(停止) + ice
arsenal,(n)軍械庫
arson,(n)縱火、放火
articulate,(adj)清楚表達的、口齒伶俐的
asinine,(adj)愚笨的
asinity,(n)愚蠢、愚蠢的言行
asperity,(n)粗魯、嚴酷
asterisk,(v)註記、星號(*)
asteroid,(n)小行星
astrolabe,(n)星盤
astrology,(n)占星術
astronomical,(adj)天文學的、龐大的
atifice,(n)奸計、詭計 arti(技巧) + fic(做) + e
audacious,(adj)大膽的、無所畏懼的[類]daredevil
audacity,(n)大膽、魯莽、放肆[類]boldness
august,(adj)威嚴的、高貴的 [類]majestic; venerable
avian,(adj)鳥類的
aviary,(n)大鳥籠、鳥舍
avid,(adj)熱情的、熱心的[類]eager; greedy
ballistics,(n)彈道學、發射學
banal,(adj)平庸的、陳腐的
banister,(n)(樓梯的)欄杆
barbarous,(adj)野蠻的、粗俗的
barrage,(n)彈幕；掩護砲火；阻塞
barricade,(n)路障、街壘
barrister,(n)律師
base,(n)卑賤的；基座、底部
baton,(n)警棍、指揮棒 [類]truncheon
battalion,(n)軍營、軍隊
belle,(n)美女
bellicose,(adj)好戰的、好鬥的
belligerence,(n)好戰性、鬥爭性
belligerent,(adj)好鬥的、愛挑釁的
benediction,(n)祝福、祈禱bene(好) + dict(說話) + ion
beneficent,(adj)行善的、慈善的
benevolent,(adj)善心的、仁心的
benigh,(adj)無害的、善良的[類]kindly; gentle
bibber,(n)酒鬼、貪喝酒的人
bibliography,(n)文獻學、參考書目
bibliomania,(n)藏書癖
bibliophile,(n)藏書家
bibulous,(adj)飲酒的、喝醉的
bid,(v)出價、命令
blanch,(v)使變白、變蒼白
blemish,(n)玷汙、瑕疵
blithe,(adj)無憂的、快樂的
blockbuster,(n)巨型炸彈、一鳴驚人的事情
bombardment,(n)砲擊、轟炸
bombast,(n)高調、誇大之詞
bombastic,(adj)誇大的[類]pompous
bonhomie,(n)好性情、溫和
bonny,(adj)健美的、漂亮的
bouncing,(adj)精力充沛的、健康的
bounteous,(adj)慷慨的、豐富的
brevity,(n)簡潔、簡練
bust,(n)使爆裂、使爆發
cadaver,(n)屍體
cadence,(n)抑揚頓挫、節奏、韻律
callous,(adj)冷酷無情的、沒同情心的[類]heartless
callus,(n)(指手或腳上的)老繭
candid,(adj)(指對棘手或痛苦的事情)率直的、直言不諱的
candor,(n)坦白[類] unreserved; honest; sincere
cascade,(n)小瀑布;串聯
casualty,(n)傷亡者
coagulant,(n)凝結劑
coagulate,(v)使凝結
coalesce,(v)聯合、合併
coalition,(n)同盟、聯合
combative,(adj)好鬥的
combustible,(adj)易燃的、易激動的
debar,(v)阻止
debase,(v)貶低、貶損
debonair,(adj)迷人的、友好的
debrief,(v)聽取匯報、簡報；向...詢問
decadence,(n)衰落、頹廢
decamp,(v)離營、匆忙離開
deft,(adj)靈巧的
demagogue,(n)蠱惑民心的政客、煽動家
embargo,(n)禁運、封港令em + bar(阻攔) + go(去)
embellish,(v)美化、裝飾
embellishment,(n)裝飾品、裝飾
enamored,(adj)迷戀的
enmity,(n)敵意、不合
exacerbate,(v)使惡化
exalt,(v)讚揚、歌頌[類]extol ; laud[反]lambaste; pan; deprecate; disparage; excoriate; vilify
exalted,(adj)崇高的、高貴的
exasperate,(v)使惱怒、激怒
exasperation,(n)激怒、惱怒
exigency,(n)應急情況
exigent,(adj)緊急的、要求多的
exltation,(n)得意洋洋、欣喜
forbidding,(adj)可怕的(外貌)
hyperbole,(n)誇張(法)、誇飾
hyperbolize,(v)誇大
imbible,(v)喝(酒)、飲(酒)
inalienable,(adj)不可剝奪的
inarticulate,(adj)發音不清楚的
incandescence,(n)白熱、白熱光in(進入) + cand(光)
incandescent,(adj)發白熱光的
incendiary,(adj)放火的、縱火的
incense,(n)(尤指宗教儀式用的)香in(使) + cense(發光)
inept,(adj)無能的、不恰當的
ineptitude,(n)無能、不稱職的
inimical,(adj)有敵意的、不合的
lambaste,(v)痛打、斥責、猛烈抨擊
matriarchy,(n)母權制、母系社會
misanthrope,(n)憤世嫉俗者 mis(恨) + anthrop (人)
monarch,(n)君主、帝王mon (單個) + archy(統治)
nonchalance,(n)漠不關心non(不) + chal(熱) + ance
nonchalant,(adj)無憂無慮的、漠不關心的
nostalgia,(n)思鄉病 nost(家) + alg(痛) + ia
occidental,(adj)西方的、西方文化的
oligarch,(n)寡頭政治執政者
patriarchal,(n)父權制、父系社會
pedagogue,(n)學究、老師
pedagogy,(n)教育學、教學法
perambulate,(v)巡行於、勘查per(完全) + amble(行走)
peregrinate,(n)遊歷、旅行per(完全) + egr(=agr田地)→遊歷
perennial,(adj)終年的、永久的per(完全) + enn(年)
philanthropic,(adj)博愛的、仁慈的phil(愛) + anthrop(人)
preamble,(n)前言、先兆pre(前) + amble(行走)
prodigal,(adj)非常浪費的、揮霍的
protagonist,(n)主演、主角、主唱者
pusillanimous,(adj)膽小的(sounds like pussy→膽小)
ramble,(v)閒逛、漫步
reactionary,(adj)保守的、反動的
reagent,(n)試劑(導致化學反應)
rebarbative,(adj)令人討厭的
rebate,(n)折扣、回扣
rebellious,(adj)反抗的、難控制的
recalcitrant,(adj)頑抗的、難以控制的[類]unruly; refractory;[反]docile; tractable
scald,(v)燙、用熱水消毒的
scalding,(adj)滾燙的
scramble,(v)爬行、攀爬
self-abasement,(n)自卑、自謙
shamble,(v)蹣跚而行
superannuate,(v)使領養老金退休、解雇
superannuated,(adj)老邁的super(超過) + annu(年) + ated
unanimous,(adj)全體一致的uni(一個) + anim(生命、精神)
unbidden,(adv)未受邀請的
accentuate,(v)以重音讀出、著重、強調ac(加強) + cent(唱、說)
canorous,(adj)音調優美的、響亮的
cantankerous,(adj)愛唱反調的、脾氣壞的[類]contentious、malicious、irascible、quarrelsome
cantata,(n)清唱劇、大合唱
canto,(n)(長詩的)篇(舞台朗誦用)
chant,(n)歌唱、背誦
enchant,(v)使陶醉、施魔法於
disenchant,(v)對...不在抱幻想、使清醒
incantation,(n)咒語
recant,(v)改變、放棄(信仰或聲明)
recantation,(n)改變宗教信仰
capitation,(n)人頭稅
capitulate,(v)(有條件)投降
capsize,(v)使翻船、傾覆
recapitulate,(v)概括、扼要重述
capacious,(adj)容量大的、寬敞的
captious,(adj)吹毛求疵的[類]carping; cap(抓住) + tious(多...的)
captivate,(v)吸引、迷惑
captivating,(adj)吸引人的
encapsulation,(n)概括
encapsulate,(v)裝入膠囊、概括、摘要
incapacitate,(v)使無能力、不適合
cardiac,(adj)心臟的
cardinal,(adj)最重要的
cardiogram,(n)心電圖
cardiologist,(n)心臟病專家
carnage,(n)大屠殺、殘殺
carnival,(n)嘉年華會
carnivorous,(adj)肉食動物的
carrion,(n)腐肉
incarcerate,(v)下獄、監禁
incarnate,(adj)具肉體的、化身的
reincarnate,(v)使化身、投胎
caustic,(adj)腐蝕性的、苛薄的
cauterize,(v)燒灼、腐蝕
holocaust,(n)大屠殺、浩劫
cavern,(n)大洞穴
cavity,(n)洞、腔
concave,(adj)凹地
excavate,(v)挖掘、外出
cavalcade,(n)騎兵隊伍
cavalier,(n)滿不在乎的、漫不經心的
chivalrous,(adj)騎士風度的；(對女士)彬彬有禮的、體貼的
accede,(v)同意
antecedence,(n)居先、先行[類]priority
antecedent,(n)先例、前情
cede,(v)割讓、放棄
cessation,(n)中止、(暫時)停止
cession,(n)割讓、轉讓
concede,(v)承認、讓步
incessant,(adj)不停的、連續的[類]constant; unremitting[反]sporadic
intercede,(v)說好話、代為求情
intercessor,(n)調停者
precede,(v)在...之前、早於
precedent,(n)在先前的
unprecedented,(adj)前所未有的
predecessor,(n)前任、前輩
proceed,(n)收益、收入
procession,(n)行列、前進
recede,(v)後退、收回
recess,(n)(議會)休會期、休假
recessive,(adj)後退的、隨性的
secede,(v)正式脫離或退出;se(分開) + cede(走)
celestial,(adj)天體的、天上的
subcelestial,(adj)世俗的、塵世的;sub(下面) + cel(天國)
celerity,(n)迅速、快速
censorious,(adj)好批評的、好吹毛求疵的
censure,(v)責備、譴責
censor,(n)審查、檢查
census,(n)人口普查、調查
centrifugal,(adj)離心的;centri(中心) + fugal(逃跑)
centripetal,(adj)向心的;centri(中心) + pet(追求)
decentralize,(v)使分散
egocentric,(adj)自我中心的
deceive,(v)欺騙
deceptive,(adj)欺騙的
inception,(n)開始、開端、起初
intercept,(v)中途攔截
perceive,(v)理解、領悟、察覺
perception,(n)感覺、洞察力;per(完全) + ecpt(拿)
perceptive,(adj)感知的、知覺的
percept,(n)箴言、格言;pre(先) + cept(拿)
receptive,(adj)善於接受的
receptacle,(n)容器
susceptible,(adj)易受影響的、易被感動的
discern,(v)(費力地)識別、看出
discernible,(adj)可識別的
discerning,(adj)識別力強的
indiscernible,(adj)無法分辨的
certitude,(n)確定無疑
incertitude,(n)疑惑、不確定
chaste,(adj)純潔的、樸實的
chasten,(v)(懲罰後)改正、磨練
chastise,(v)懲罰、譴責
castigate,(n)懲治、嚴責
achromatic,(adj)非彩色的、無色的a(無) + chrom(顏色)
chromatic,(adj)彩色的
chromosome,(n)染色體
monochromatic,(adj)單色的;mono(單一) + chrom(顏色)
anachronistic,(adj)時代錯誤的 ana(不、錯誤) + chron(時間)
anachronism,(n)過時的人、事、物ana(不、錯誤) + chron(時間)
chronic,(adj)慢性的、長期的
chronological,(adj)依時間前後排列而記載的
synchronize,(v)同步、同時發生
synchronous,(adj)同時發生的syn(共同) + chron(時間)
synchronization,(n)同步
concise,(adj)簡潔的
excise,(v)割去；向...徵稅
exorcise,(v)驅魔、除去(壞念頭)exo(出、外) + r + cise(切)
incise,(v)切、切割
incision,(n)切口、切割
incisor,(n)門牙
ciliate,(adj)有睫毛的、有纖毛的
supercilious,(adj)目中無人的super(超) + cil(眉)
succinct,(adj)簡明的、簡潔的suc(下面) + cinct(束起)
succinctness,(n)簡明、簡潔
cinerary,(adj)灰的、骨灰的
incinerate,(v)焚化、毀棄
emancipate,(v)解放、解除e(出) + man(手) + cip(拿) + ate
reciprocal,(adj)相互的、互惠的
reciprocate,(v)回報、答謝
reciprocity,(n)相互性、互惠
incipient,(adj)初期的、剛出現的
precipitate,(v)降水、加速、促成...發生
precipitation,(n)降水量
precipitous,(adj)陡峭的
precipice,(n)懸崖(垂直落下)
precipitant,(n)沉澱劑
cipher,(n)密碼
decipher,(v)解開(謎團)、破譯(密碼)
encipher,(v)譯成密碼
indecipherable,(adj)無法破譯的
undecipherable,(adj)難破譯的
incite,(v)激勵、激起
insouciance,(n)無憂無慮、不注意、不在乎
insouciant,(adj)漫不經心的、不在乎的in(不再) + souc(召喚)
recital,(n)背誦、朗誦
resuscitate,(v)使復活、復甦
solicit,(v)懇求、請求
solicitous,(adj)關心的、操心的
solicitude,(n)懸念、擔憂
clamor,(n)吵鬧、喧鬧
declaim,(v)高談闊論、慷慨陳詞
declamation,(n)雄辯、高調
declamatory,(adj)激昂的、雄辯的
disclaim,(v)放棄、否認
proclaim,(v)宣告、宣布
reclaim,(v)重新取得
clandestine,(adj)祕密的、暗中的
clannish,(adj)排他的、門戶之見
clairvoyance,(n)超人的洞察力
clairvoyant,(adj)有洞察力的
anticlimactic,(adj)突減的、掃興的
anticlimax,(n)掃興、掃興的結局
disinclination,(n)不情願、不願意
proclivity,(n)傾向[類]inclination
recline,(v)斜倚、躺臥
claustrophobic,(adj)患幽閉恐懼症的
conclusive,(adj)決定性的、確實的
cloister,(n)修道院
cloture,(n)(議會)討論終結
enclosure,(n)圍住、封入
foreclose,(v)排除、取消抵押品的贖回權
inclusive,(adj)包含的
occlude,(v)使閉塞
preclude,(v)避免、排除
recluse,(n)隱士
reclusive,(adj)隱遁的、隱居的
seclude,(v)使隔離、孤立
concoct,(v)調製、捏造
concoction,(n)混合(物)
precocious,(adj)早熟的、早成的
cogitate,(v)慎重思考、思索
excogitate,(v)認真想出ex(出) + cogit(思考) + ate
cognate,(adj)同類的
cognitive,(adj)認知的、感知的
cognizance,(n)認知、認定
cognizant,(adj)知道的、認識的
cognomen,(n)姓氏
accolade,(n)推崇、讚揚
commodious,(adj)寬敞的、大的
concilate,(v)安撫、馴服
concilatory,(adj)撫慰的、調和的
irreconcilable,(adj)不能調和的、矛盾的
reconcile,(v)和解、調和
abscond,(v)逃亡
ensconce,(v)安置、安頓
recondite,(adj)深奧的
concord,(n)一致、協調
cordial,(adj)熱忱的、衷心的
excoriate,(v)痛責、剝(皮)
cornucopia,(n)象徵豐收的羊角;corn(角) + u + copia(豐富)
copious,(adj)豐富的、多產的[類]plentiful; abundant
corny,(adj)平淡無奇的
coronation,(n)加冕
corporeal,(adj)身體的、物質的
corpulent,(adj)肥胖的
incorporate,(v)併入、進入in(進入) + corpor(團體) + ate
incorporeal,(adj)無實體的、非物質的
chromatic,(adj)彩色的
cosmic,(adj)宇宙的
cosmopolitan,(adj)世界性的、國際性的
cosmos,(n)宇宙
autocracy,(n)獨裁政府
autocrat,(n)獨裁者
gerontocracy,(n)老人統治的政府;geront(老人) + cracy(統治)
gerontology,(n)老人病學、老人學
gynaecocracy,(n)婦女當政;gynaeco(女人) + cracy(統治)
idiosyncrasy,(n)氣質、習性;idio(個體的、獨特的) + syn + cracy(統治)
idiosyncratic,(adj)有氣質的、有特性的
plutocracy,(n)財閥統治的政治
technocrat,(n)技術專家政治論者
theocracy,(n)神權政治、僧侶政治
accrete,(v)逐漸增加、連生
accrue,(v)(利息)增大、增多
crescendo,(n)(音樂)漸強;cre(增加) + scend(爬) + o
miscreant,(n)惡棍、歹徒;mis(壞) + crea(做) + nt
procreate,(v)生育(子女)、產生、製造
accredit,(n)相信、認可
credence,(n)相信、信任
credo,(n)(宗教)信條、信條的伴奏曲
credulous,(adj)輕信的、易信的
discredit,(v)使丟臉、敗壞..的名聲
incredulity,(n)不輕信、不相信、懷疑
decrepit,(adj)衰老的、破舊的
discrepancy,(n)不同、矛盾
discrepant,(adj)差別的
discreet,(adj)謹慎的、慎重的、考慮周到的
discrete,(adj)個別的、不連續的
discretion,(n)謹慎、斟酌
discretionary,(adj)任意的、自由決定的
excrete,(v)排泄、分泌
indiscretion,(n)輕率、不慎重
secrete,(v)分泌、隱藏
incriminate,(v)暗示...有罪、牽連
indiscriminate,(adj)不加區別的、無差別的
hypocrite,(n)偽善者、偽君子;hypo(在下面) + crit(判斷) + e
hypocrisy,(n)偽善、虛偽
hypocritical,(adj)偽善的、虛偽的
crusade,(n)十字軍、聖戰
excruciate,(v)施酷刑、拷問、折磨;ex(完全地) + cruc(十字架) + iate
apocryphal,(adj)可疑的、杜撰的
crypt,(n)地下室、地窖
cryptic,(adj)難以理解的、秘密的
incubate,(v)孵化、孵卵
incubus,(n)惡夢、夢魘般的精神壓力
culpable,(adj)有罪的、該受譴責的
culprit,(n)禍端、犯罪者
exculpate,(v)開脫、申明無罪;ex(出) + culp(罪行) + ate
inculpate,(v)連累、控告、歸咎於
cult,(n)膜拜、狂熱崇拜、迷信
occult,(adj)難以理解的、奧秘的
horticulture,(n)園藝、園藝術
inculcate,(v)諄諄教誨、灌輸
cumber,(v)拖累、妨礙
cumbersome,(adj)笨重的、難處理的
encumber,(v)妨礙、拖累
incumbent,(adj)負有職責的、義不容辭的
recumbent,(adj)側臥的、休息的
succumb,(v)屈服、承認失敗；病死、生病
unencumbered,(adj)不受妨礙的、沒有負擔的
cumulus,(n)積雲、堆積
covet,(v)貪求、覬覦
preoccupation,(n)全神貫注、使人專心
recuperate,(v)恢復、復原
concur,(v)意見相同、一致;con(共同) + cur(跑)
concurrent,(adj)併發的、同時發生的
cursive,(adj)草書的
cursory,(adj)粗略的、草率的
discourse,(n)演講、論述
discursive,(adj)散漫的、無層次的
excursion,(n)遠足、短途旅行
excursive,(adj)離題的、隨意的
incur,(v)招致、惹起
incursion,(n)侵略、入侵
incursive,(adj)侵略的、入侵的
precursor,(n)先驅、先兆
procure,(v)取得、獲得;pre(向前) + cur(跑) + e
recourse,(n)求助、依靠;re(反) + cour(跑) ->跑回來求助
succor,(v)救助、援助
scurry,(v)急跑、疾行
recusant,(adj)不服從的
concussion,(n)腦震盪、強烈震動
percussion,(n)打、敲、敲擊樂器
repercussion,(n)反響、影響、回響
cyclical,(adj)週期的、輪轉的、循環的
cyclone,(n)氣旋、颶風
cynicism,(n)憤世嫉俗、犬儒主義
cynic,(n)憤世嫉俗的人、自私者
cynical,(adj)憤世嫉俗的
cynosure,(n)眾人矚目的焦點
dainty,(adj)輕巧的、精緻的
disdain,(n)輕蔑、鄙視;dis(反) + dain(高貴的);[類]scorn; despise; spurn;[反]respect; admire; praise
dignitary,(n)顯要、貴人
indignant,(adj)憤怒的、憤慨的
indignity,(n)侮辱、輕蔑
indemnify,(v)賠償、償付
decorous,(adj)合宜的、高雅的
decorum,(n)端莊、彬彬有禮、合宜
indecorous,(adj)不禮貌的、不得體的
deleterious,(adj)(對身體)有害的、有毒的
demagogue,(n)蠱惑民心的政客、煽動者
demotic,(adj)大眾的、通俗的
endemic,(adj)(疾病等)地方性的
epidemic,(adj)(疾病)傳染性的、流行性的
pandemic,(adj)(疾病)全國流行性的
pandemonium,(n)喧囂、大混亂;pan(全部) + dem(人民)
dermatologist,(n)皮膚學者、皮膚科醫生
epidermis,(n)表皮、外皮
hypodermic,(adj)皮下注射的
denture,(n)一副假牙
indent,(v)切割成鋸齒狀
indented,(adj)鋸齒狀的、高低不平的
indenture,(v)簽訂契約、合同
ambidextrous,(adj)雙手靈巧的、十分靈巧的;ambi(二) + dextr(右的) + ous
dexterity,(n)純熟、靈巧
dexterous,(adj)靈巧的、熟練的
diurnal,(adj)白晝的、白天的
nocturnal,(adj)夜晚的、夜間發生的
quotidian,(adj)日常的、平常的
dichotomy,(n)二分法、矛盾
dilatory,(adj)慢吞吞的、磨蹭的;di(兩) + lat(放) + ory
divagate,(v)離題、漂泊
dubious,(adj)有問題的
duplicity,(n)欺騙行為
abdicate,(v)正式放棄(權力)、退位、辭職;ab(離開) + dic(命令) + act
dictate,(v)口述、命令
edict,(n)命令、法令
indict,(v)控訴、起訴
malediction,(n)詛咒、壞話;male(壞) + dict(說話) ion
predicament,(n)困境、窘境;pre(預先) + dic(命令) ament
valediction,(n)告別演說;vale(告別) + dic(說) +ion
valedictory,(adj)告別的、離別的
verdict,(n)判決、決定;ver(真實) + dict(說)
didactic,(adj)說教的、教訓的
docile,(adj)馴服的、易駕馭的
doctrinaire,(adj)教條的、迂腐的
doctrine,(n)教條、主義
indoctrinate,(v)教導、灌輸思想
condole,(v)哀悼、同情
condolence,(n)弔唁、慰問;[類]sympathy
condolent,(adj)弔慰的
indolence,(n)懶散、懶惰;[類]lazy
domineer,(n)跋扈、作威作福
predominant,(adj)佔優勢的、佔支配地位的
condone,(v)原諒、寬恕
dormancy,(n)休眠狀態
dormant,(adj)冬眠的、靜止的
dorsal,(adj)背部的、背側的
endorse,(v)背書
dogma,(n)教條、教義
dogmatism,(n)教條主義
heterodox,(adj)異端的、非正統的
paradox,(n)悖論、似是而非的議論、矛盾
orthodox,(adj)正統的、傳統的
adroit,(adj)靈巧的、熟練的;[類]skillful; clever
maladroit,(adj)笨拙的
aerodrome,(n)飛機場、航空站
abduct,(v)誘拐、綁架;ab(離開) + duct(引導)
adduce,(v)引用、舉證
conducive,(adj)有助的、有益的
conduit,(n)引水道、水管
deduce,(v)演繹、推斷
deduct,(v)減除、扣除
duct,(n)輸送管、導管
ductile,(adj)易拉長的、變形的
induct,(v)使就職、入伍
induction,(n)就職儀式、就任
seductive,(adj)誘惑的、引人注意的
traduce,(v)中傷、誹謗
viaduct,(n)高架橋
endue,(v)賦予(才能)
subdue,(v)征服、壓制
subdued,(adj)被制服的、順從的
duress,(n)強迫的、脅迫
indurate,(v)使硬化、堅硬
obdurate,(adj)固執的、頑固的
dynamo,(n)發電機、電動機
edible,(adj)可以吃的、食用的
exempt,(v)免除、豁免;ex(出) + empt(拿、買)
peremptory,(adj)專橫的、不容反抗的;per(完全) + empt(買)
preempt,(v)取代、以先買權取得;pre(預先) + empt(買)
egalitarian,(n)公平主義
equable,(adj)穩定的、不變的
equanimity,(n)鎮定、沉著
equestrian,(adj)騎馬的、騎術的
equine,(adj)馬的、像馬的
equity,(n)公平、公正
equivocal,(adj)模稜兩可的、不明確的;[類]ambiguous
unequivocal,(adj)毫不含糊的、明確的
equivocate,(v)模稜兩可的說、說謊
equivocator,(n)說話模稜兩可的人
iniquitous,(adj)極不公正的、邪惡的
inquity,(n)邪惡、不公正
aberrant,(adj)越軌的、異常的
errand,(n)差事、差使
errant,(adj)錯誤的、去不正當地方的
erratic,(adj)反覆無常的、古怪的
erroneous,(adj)錯誤的、不正確的
unerringly,(adv)無過失地
exert,(v)運用(力量)
inert,(adj)行動遲鈍的、無生命的
inertia,(n)慣性、慣量
quintessence,(n)精華、典型
quintessential,(adj)精髓的、底行的
anesthetic,(adj)麻醉的、麻木的;an(無) + esthe(感覺) tic
ethos,(n)道德風貌、思潮
coeval,(adj)同年代的;co(共同) + ev(時代) + al
affable,(adj)和藹可親的、容易親近的;[類]polite and friendly
blasphemy,(n)褻瀆、褻瀆的言詞
defamatory,(adj)破壞名譽的、誹謗的
fable,(n)寓言、傳說
ineffable,(adj)妙不可言的
efficacious,(adj)有效的、靈驗的
facile,(adj)容易做的、膚淺的
facsimile,(n)複製本、摹本;fac(做) + simil(相同)
faction,(n)派別、宗派、小集團
factitious,(adj)人為的、不真實的
factotum,(n)雜工、打雜
malefactor,(n)罪犯、犯罪者;male(壞) + fact(做) + or
olfaction,(n)嗅覺;ol(氣味、聞) + fact(做) + ion
deface,(v)毀壞..的外貌、損壞
efface,(v)擦掉、抹去
facade,(n)建築物的正面、外表
facet,(n)(寶石的)小平面、側面
facetious,(adj)輕浮的、愛開玩笑的;face(臉) + ous(多..的)
ineffaceable,(adj)抹不掉的、不能取消的
multifaceted,(adj)多面向的
preface,(n)序言、緒言
self-effacement,(n)自謙、自我輕視
fallacious,(adj)欺騙的、謬誤的
fallacy,(n)謬誤、錯誤
fallability,(n)易出錯
fallible,(adj)易犯錯的
pitfall,(n)陷阱、圈套
windfall,(n)被風吹落的果實
fanatic,(n)狂熱者、盲信者
fancied,(adj)空想的、虛構的
fanciful,(adj)幻想的、奇特的
fantasia,(n)幻想曲、組合樂曲
fanfare,(n)誇耀的遊行、嘹亮的喇叭聲
fascia,(n)飾帶、招牌；(汽車的)儀表板
feasible,(adj)可行的、實行的
malfeasance,(n)不法行為、瀆職;mal(壞) + feas(做) + ance
misfeasance,(n)不當行為、過失;mis(錯) + feas(做) + ance
affectation,(n)做作、假設
affected,(adj)不自然的、假裝的
disaffect,(v)使不滿、不忠
disinfect,(v)消毒、殺菌
disinfectant,(n)消毒劑
unaffected,(adj)自然的、不矯揉做作的
counterfeit,(adj)偽造的、仿造的;counter(相反) + feit(做)
forfeit,(v)(因違規)喪失、被罰沒收
forfeiture,(n)(財產)沒收、(權利)喪失
surfeit,(n)過量、過度
felicific,(adj)產生幸福的、帶來幸福的
felicitate,(v)祝賀、慶祝
felicitous,(adj)得體的、適當的
infelicitous,(adj)不幸的、不適當的
infelicity,(n)不幸、不適當
effeminate,(adj)缺乏勇氣的、柔弱的
fencing,(n)柵欄、籬笆；劍術、擊劍法
circumference,(n)周圍、圓周、周長
confer,(v)討論、商談、贈與;con(共同) + fer(帶來)
conifer,(n)針葉樹、松柏科植物
defer,(v)推遲、聽從、順從
deferential,(adj)尊敬的
deference,(n)尊敬;[類]respect
infer,(v)推斷、推定
peripheral,(adj)外圍的、周邊的
preferably,(adv)更可取地、更好地;pre(前) + fer(拿來) + ably
proffer,(v)獻出、贈送、建議;pro(向前) + ffer(帶來)
referendum,(n)公民投票
odoriferous,(adj)有氣味的;odor(氣味) + i + fer(帶來) +ous
saliferous,(adj)含鹽的、產鹽的
ferromagnetic,(adj)磁鐵的
ferrous,(adj)含鐵的
effervesce,(v)冒泡、熱情洋溢
ferment,(v)使發酵、醞釀
fermentation,(n)發酵、騷動、動亂
fervent,(adj)炙熱的、熱情的
fervor,(n)熱情、熱心
perfervid,(adj)非常熱心的;per(完全) + ferv(熱) + id
confess,(v)公認、承認
artifice,(v)奸計、詭計;arti(技巧) + fic(做) + e
deficit,(n)赤字、不足額
efficacy,(n)功效、有效性
feckless,(adj)無效性的、無能的
fictitious,(adj)假的、虛構的
maleficent,(adj)有害的、犯罪的;male(壞) + fic(做) + ent
munificence,(n)慷慨、寬宏大量;muni(公共) + fic(做) +ence
munificent,(adj)慷慨地、豐厚的
ramification,(n)後果、影響
sufice,(v)足夠、(食物)滿足
affidavit,(n)宣誓書、口供書
confidant,(n)心腹朋友、知己、密友
confide,(v)透露、吐露
diffident,(adj)缺乏自信的、羞怯的
fealty,(n)效忠、忠貞
fidelity,(n)忠實、忠誠
perfidious,(adj)不誠實的、背信棄義的;per(遠離) + fid(相信) + ious
perfidy,(v)不忠、背叛;per(完全) + fid(相信) + y
configuration,(n)結構、配置、輪廓
disfigure,(v)損壞..的外形、使難看
effigy,(n)肖象
figurative,(adj)比喻的、象徵的
figurehead,(n)有名無實的首腦
figurine,(n)小塑像、雕像
prefigure,(v)預示、預想
transfigure,(v)使變形、改觀
affiliate,(v)使緊密聯繫、使隸屬於
affiliated,(adj)附屬的
affiliation,(n)聯繫、聯合
filial,(adj)子女的、孝順的
infiltrate,(v)滲透、滲入
affinity,(n)喜好、本性、傾向
confine,(v)限制、使侷限
infinitesimal,(adj)極微小的
finesse,(n)非凡的技巧、技術
affirm,(v)確認、肯定
infirm,(adj)體弱的、(因年邁)衰弱的
reaffirm,(v)再次確定、重申
confiscate,(v)沒收、充公
fiscal,(adj)財政的、國庫的
fissile,(adj)易裂的、可裂的
fissure,(n)裂縫、裂隙
affix,(v)黏土、貼上
fixate,(v)注視、使固定、使不便
flagrant,(adj)惡名昭彰的、公然的
flamboyant,(adj)艷麗的、炫耀的
inflame,(v)使燃燒
inflamed,(adj)發炎的、紅腫的
inflammation,(n)點火、燃燒
conflate,(v)合併;con(共同) + flate(吹氣) + e
deflated,(adj)洩氣的、灰心的
flatulence,(n)浮誇、自負
inflate,(v)使充氣、膨脹
deflect,(v)使偏斜、轉向
inflexible,(adj)堅定的、不屈不撓的
genuflect,(v)屈膝、下跪;genu(膝) + flect(彎曲)
afflict,(v)使痛苦、折磨
inflict,(v)給予(打擊)、遭受(損傷)
infliction,(n)施加
profligate,(adj)非常浪費的;[類]prodigal
flora,(n)植物
floral,(adj)花的、植物的
florescence,(n)開花
florid,(adj)鮮紅色的、美麗的
affluent,(adj)富裕的、豐富的
effluvium,(n)氣味、惡臭、廢料
fluvial,(adj)河流的、生在河中的
flux,(n)不斷的變動、動盪不定
influx,(v)注入、湧入
mellifluous,(adj)聲音甜美的、悅耳的;melli(蜂蜜) + flu(流) + ous
superfluous,(adj)多餘的、累贅的
defoliant,(n)脫葉劑、落葉劑
foliage,(n)葉子
cnformist,(adj)遵奉傳統的、習俗的
conformity,(n)一致、遵從
formality,(n)拘泥形式、拘謹
formative,(adj)形成的、構成的
discomfit,(v)使窘迫、尷尬
forte,(n)長處、擅長的事
fortify,(v)增加、加強
fortitude,(n)堅毅、堅忍不拔
fosse,(n)護城河
fracas,(n)喧鬧、吵鬧
fractious,(adj)(脾氣)易怒的、好爭吵的
fracture,(n)骨折、折斷
fragile,(adj)易碎的、易壞的
frivolous,(adj)輕浮的、草率的
infraction,(n)違背、違法
refract,(v)折射
refractory,(adj)難醫治的、倔強的
suffrage,(n)選舉權、投票權
defraud,(v)詐取、詐騙
fraudulent,(adj)欺騙的、不誠實的
fraud,(n)騙子、欺詐
frigid,(adj)寒冷的、冷淡的
frigidity,(n)寒冷、冷淡
affront,(n)侮辱、冒犯
effrontery,(n)厚顏無恥、魯莽
upfront,(adj)直率的、坦白的
centrifugal,(adj)離心的
fugacious,(adj)短暫的
fugitive,(n)逃亡者、逃犯
refugee,(n)難民、流亡者
subterfuge,(n)詭計、託辭;[類]artifice; chicane
effulgent,(adj)燦爛的
fulminate,(v)大聲斥責
refulgent,(adj)輝煌的、燦爛的
fume,(n)煙、憤怒
fumigate,(v)煙燻、以煙消毒
confound,(v)使混亂、困惑
profound,(adj)深刻的、深奧的
defunct,(adj)死亡的
dysfunctional,(adj)功能失調的
functionary,(n)公務員、官員
malfunction,(v)發生故障、機能失常
perfunctory,(adj)草率的、敷衍的
defuse,(v)卸除引信、緩和緊張;de(離開) + fuse(導火線)
effusive,(adj)熱情的、感情洋溢的
infuse,(v)灌輸、鼓勵
profuse,(adj)很多的、浪費的、豐富的;[類]abundant
suffuse,(v)(色彩)瀰漫、染遍
transfuse,(v)輸血、充滿;tarns(通過) + fuse(流)
fuscous,(adj)暗褐色的
obfuscate,(v)使困惑、迷糊
confute,(v)駁倒
refute,(v)反駁、駁斥
refutable,(adj)可駁倒的
irrefutable,(adj)不能反駁的、不可否認的
garish,(adj)炫耀的、過分裝飾的
garland,(n)(勝利的)花環、獎品
garment,(n)衣服
garnish,(v)裝飾物、裝飾
apogee,(n)最高點、頂點
perigee,(n)近地點
genealogy,(n)家譜、宗譜
genesis,(n)創始、起源
genetic,(adj)遺傳的、起源的
genome,(n)基因組、染色體組
generic,(adj)種類的、類屬的
genus,(n)類、種類
genre,(n)文藝作品類型
genteel,(adj)彬彬有禮的、有教養的
gentry,(n)紳士、上等人
congenial,(adj)意氣相投的、性情好的
congenital,(adj)先天的、天生的
degeneracy,(n)衰退、退化
engender,(v)使產生、引起
eugenic,(adj)優生學的;eu(好) + gen(產生) + ic
generality,(n)概括的表述、泛泛而談
genial,(adj)和藹的、友好的;[類]kindly; pleasant; sociable
heterogeneous,(adj)異類的、不同的;hetero(異) + gen(產生) + eous
homogeneity,(n)同種、同質
homogeneous,(adj)同種的
homogenize,(v)使均勻
indigenous,(adj)本土的、土產的
ingenious,(adj)聰明的、有發明才的
ingenue,(n)天真無邪的少女
ingenuous,(adj)純樸的、單純的
disingenuous,(adj)不誠實的、虛偽的
progenitor,(n)祖先、始祖;pro(前) + gen(產生) + itor
progeny,(n)後代、子女;pro(前) + gen(產生) + y
germane,(adj)有密切關係的、貼切的
germinate,(v)發芽、發展
congest,(v)使擁擠、充血;con(共同) + gest(管道)
ingest,(v)嚥下、吞下
girdle,(n)腰帶、環繞物
girth,(n)腰身、周長
girder,(n)大樑
undergird,(v)加強、鞏固的..底部
hieroglyph,(n)象形文字
petroglyph,(n)岩石畫、雕刻;petro(石頭) + glyph(寫、刻)
agnostic,(adj)不可知論的;a(不) + gnos(知道) + tic
prognosis,(n)預知(醫生對病情發展的預測)、展望、預測;pro(前) + gnos(知道) + is
prognosticate,(v)預知、顯示...徵召;pro(前) + gnos(知道)
disgorge,(v)吐出、嘔出
gorge,(n)大峽谷
gorgeous,(adj)燦爛的、華麗的
epigram,(n)諷刺短句、警語
granary,(n)穀倉、糧倉
granulate,(v)使呈顆粒狀
granule,(n)小粒、微粒
ingrain,(v)根深蒂固的
ingrained,(adj)根深蒂固的
aggrandize,(v)加大、強化
grandeur,(n)壯麗、偉大
grandiloquence,(n)豪言壯語、誇大之詞;grand(大) + i + liqu(說) + ence
grandiose,(adj)宏偉的、誇大的;[類]prompous(浮誇的)；grand(壯麗的)
grandstand,(n)正面看台、大看台
autograph,(n)親筆稿、手稿;auto(自己) + graph(寫)
calligraphy,(n)書法、筆跡
cartographer,(n)製圖師
choreographic,(adj)舞蹈術的、舞台舞蹈的
choreography,(n)舞蹈、舞蹈編排
demography,(n)人口統計、人口學;demo(人民) + graphy(寫)
discography,(n)唱片分類目錄
graphite,(n)石墨、黑鉛
holograph,(n)親筆信;holo(全部) + graph(寫)
homograph,(n)同行異義字
iconographic,(adj)肖像的、圖解的
lexicographer,(n)辭典編撰者;lexico(辭典) + graph(寫) + er
monograph,(n)專題論文、著作
orthographic,(adj)拼字正確的
typographical,(adj)排字上的、印刷上的
grate,(v)磨碎(食物)
gratification,(n)滿足、滿意
gratify,(v)使高興、滿足
grating,(adj)(聲音)刺耳的、惱人的
ingrate,(n)忘恩負義的人
ingratiate,(v)使得到...的歡心、迎合、奉承
ingratiating,(adj)討好的、諂媚的;[類]endearing; flattering
aggravate,(v)加重、惡化
grave,(adj)嚴峻的
gravitate,(v)被強烈地吸引
gravity,(n)嚴肅、正經；重力、引力
aggregate,(v)集合、合計
congregate,(v)集合、聚集
egregious,(adj)(缺點)過分的、驚人的
gregarious,(adj)群居的、愛社交的
gregariousness,(n)愛交際、群居
aggression,(n)侵略
digress,(v)離題、走向岔道
digression,(n)離題、跑題
egress,(n)外出、出路
grade,(n)評等、等級
ingress,(v)進入
regress,(v)退化、逆行、退步
regressive,(adj)後退的、退化的
transgress,(v)冒犯、違背
transgression,(n)違反、違法
aggrieved,(adj)使受委屈的、憤恨不平的
grievance,(n)委屈、抱怨
grieve,(v)悲傷、苦惱
grievous,(adj)令人悲痛的
congruent,(adj)適合的、一致的
congruity,(n)適合、一致
congruous,(adj)一致的、適合的
incongruent,(adj)不協調的、不和諧的
incongruous,(adj)不協調的、不一致的
cohabit,(v)同居
habituate,(v)使習慣於
exhale,(v)呼出、呼氣
hale,(adj)健壯的、健美的
inhale,(v)吸入、吸氣
haphazard,(adj)無計畫的、任意的
hapless,(adj)倒楣的、不幸的;[類]luckless; unfortunate
mishap,(n)小錯誤、事故;mis(壞) + hap(運氣)
harbinger,(n)先兆、通報者
herald,(n)傳令官
heirloom,(n)祖傳遺物、傳家寶
hereditary,(adj)世襲的、傳代的
herbaceous,(adj)草本的、葉狀的
herbivorous,(adj)食草的;herb(草) + i + vor(吃) + ous
adhere,(v)堅持、黏著
adherent,(n)擁護者、信徒
adhesive,(adj)黏的、黏著的
coherent,(adj)一致的、協調的
cohesion,(n)內聚力、凝聚力
cohesive,(adj)有黏著力的、凝聚力的
incoherent,(adj)不連貫的、語無倫次的
inherent,(adj)固有的、內在的
heresy,(n)異教、異端邪說
heretic,(n)異教徒、異端邪說者
heretical,(adj)異教的、異端的
exhilarate,(v)使振奮、高興
exhilaration,(n)愉快的心情、高興
hilarious,(adj)極可笑的
hilarity,(n)歡鬧、狂歡
abhor,(v)憎恨、嫌惡
abhorrent,(adj)可恨的、討厭的
horrendous,(adj)可怕的、令人恐懼的
exhort,(v)力勸、勉勵
hortative,(adj)勸告的、獎勵的
dehumanize,(v)使失去人性
humane,(adj)人道的、慈悲的
humor,(n)幽默；縱容、遷就
exhume,(v)掘出、發掘;ex(出) + hum(地) + e
humdrum,(adj)單調的、乏味的
humility,(n)謙遜、謙恭
posthumous,(adj)死後的、身後的;post(後) + hum(地) + ous
anhydrous,(adj)無水的;an(無) + hydr(水) + ous
carbohydrate,(n)碳水化合物
dehydrate,(v)除去水份、脫水
hydrant,(n)(消防用)水龍頭、消防栓
hydrate,(n)水合物、水化物
iconoclasm,(n)破壞偶像(聖像);icon(偶像) + klan(打破)
iconoclast,(n)偶像破壞者、反對崇拜者
ideology,(n)意識形態、思想體系
idiomatic,(adj)慣用的
idiosyncrasy,(n)氣質、習性
idiolatrize,(v)奉為偶像、盲目崇拜
igneous,(adj)火的、(岩石)火成的
emulate,(v)效法、模仿
emulator,(n)競爭者
imperative,(adj)必要的、緊急的
imperial,(adj)帝王的、至尊的
imperious,(adj)傲慢的、專橫的
uninitiate,(adj)外行的、缺乏經驗的
insular,(adj)島嶼的、心胸狹窄的
insularity,(n)島國狀態、與外界隔絕生活
insulin,(n)胰島素
peninsula,(n)半島;pen(近似) + insula(島)
integrate,(v)使成一體、結合
disintegrate,(v)使破碎、瓦解
circuitous,(adj)迂迴的、繞圈子的
itinerant,(adj)巡迴的、遊歷的
itinerary,(n)旅程、路線
obituary,(n)訃聞、訃告
sedition,(n)煽動叛亂、煽動叛亂性的言論
seditious,(adj)煽動性的
transitoriness,(n)短暫、暫時
transitory,(adj)短暫的、瞬息的 [類]temporary
abject,(adj)可憐的、卑下的;ab(離開) + ject(泡、扔)
conjecture,(v)推測、臆測
dejected,(adj)沮喪的、失望的
ejaculate,(v)突然喊出、射出
interjection,(n)插入語、感嘆詞
objection,(n)厭惡、反對;ob(反) + ject(拋、扔) + ion
objective,(adj)客觀的
projectile,(n)拋射物、發射體
projection,(n)預測、推測、估計
trajectory,(n)軌道、彈道
adjourn,(v)使延期、推遲、休會;ad(=to) + journ(天)
sojourn,(v)逗留、寄居
adjudicate,(v)判決、宣告
injudicious,(adj)不明智的、不謹慎的
judicious,(adj)有判斷力的、明智的
judiciousness,(n)有見識、明智而審慎
conjugal,(adj)婚姻的、夫妻之間的
subjugate,(v)征服、鎮壓;sub(下面) + jug(結合) + ate
adjunct,(n)附加物、附件
conjunction,(n)連接詞、聯結
disjunction,(v)分裂、分離
disjunctive,(adj)分離的、相反的
injunction,(n)命令、指令
junction,(n)交叉路口、連接
juncture,(n)危機關頭、接合處
abjure,(v)發誓放棄、棄絕;ab(離開) + jur(發誓) + e
conjure,(v)想起;變出、變戲法；念咒語;con(全部) + jure(發誓)
jurisdiction,(n)司法權、審判權;juris(法律) + dict(命令)
jurisprudence,(n)法律學、法學;juris(法律) + prud(小心) + ence
jury,(n)陪審團
objurgate,(v)申斥、痛罵
objurgation,(n)斥責、痛罵
perjure,(v)作偽證、發假誓;per(遠離) + jur(誓言) + e
perjury,(n)偽證、偽證罪
justfiable,(adj)有理由的、無可爭議的
justification,(n)證明為正當、辯護
unjustifiable,(adj)不合理的、無理的
unjustly,(adv)不義地、不法地
jubilation,(n)歡慶、慶祝活動
juvenescence,(n)返老還童、變年輕
juvenile,(adj)少年的
rejuvenate,(v)使年輕、恢復精神
belabor,(v)過分冗長說明
collaborate,(v)共同工作
elaborate,(adj)精緻的、複雜的
labored,(adj)吃力的、不自然的
laborious,(adj)費勁的、耗費大量體力的
dilapidate,(v)使荒廢、毀壞
dilapidated,(adj)荒廢的、破舊的
lapidary,(n)寶石工、寶石專家
lapse,(n)(時間的)流逝、間隔
relapse,(v)舊病復發、再惡化
collate,(v)對照、核對;col(共同) + lat(放) + e
superlative,(adj)最高的、最好的;super(上面) + lat(提、拿) + ive
latitude,(n)緯度、自由
dilate,(v)膨脹、擴大
dilatory,(adj)緩慢的、拖延的
oblation,(n)宗教的供品、祭品
bilateral,(adj)雙邊的;bi(兩個) + later(邊) + al
collateral,(n)擔保物、抵押品;col(共同) + later(邊) + al
lateral,(adj)側面的、橫的
unilateral,(adj)單方面的、單邊的;uni(單一) + later(側面) + al
ablution,(n)(宗教)淨禮、沐浴
deluge,(n)大洪水、暴雨
dilute,(v)弄稀、弄淡
lave,(v)洗、為...沐浴
delectable,(adj)令人愉快的
eclectic,(adj)折衷的、不拘一格的
electorate,(n)選民、選區
predilection,(n)偏袒、愛好;pre(前) + di + lect(選擇) + ion
allegiance,(n)忠誠、忠貞
relegate,(v)貶低、放逐
alleviate,(v)緩和、減輕
leaven,(v)使發酵、使變有趣
lever,(n)槓桿、控制桿
levity,(n)輕率、輕浮
levy,(v)徵兵、徵稅
dyslexia,(v)識字困難、誦讀困難
lexical,(adj)語彙的、語詞的
lexicon,(n)辭典
prolix,(adj)囉嗦的、冗長的;[類]verbose
prolixity,(n)冗長、囉嗦
liaison,(n)聯繫、溝通；聯絡窗口
liana,(n)藤本植物
libel,(n)中傷、誹謗
libelous,(adj)誹謗的
libretto,(n)(歌劇的)歌詞、劇本
illiberal,(adj)吝嗇的
libertine,(n)放蕩者、玩樂者
proliferate,(v)繁殖、激增
prolific,(adj)多產的、作品豐富的
ligature,(n)帶子、繩索
obligatory,(adj)強制性的、義務性的
oblige,(v)使不得不、迫使
obliging,(adj)樂於助人的、有禮貌的
align,(v)保持一致
delineate,(v)描繪、描寫
underline,(v)在...之下畫線
gosling,(n)小鵝、年輕無知的人
inkling,(n)略知、模糊的印象；暗示、跡象;ink(墨水) + ling(小)
nestling,(n)尚未離巢的小鳥
nestle,(v)舒適地安頓下來、安臥
underling,(n)下屬、手下
delinquency,(n)失職、過失；違法行為
delinquent,(adj)疏忽職務的
relinquish,(v)放棄、廢除
eclipse,(n)日蝕、月蝕
ellipsis,(n)省略、省略部分
elliptical,(adj)晦澀的、隱晦的
liquefy,(v)使液化、溶解
liquidate,(v)償付
alliterate,(v)押韻
illiterate,(adj)文盲的
literal,(adj)字面上的
literati,(n)文人、學者
preliterate,(adj)沒有文字的、尚無文字的
obliterate,(v)塗掉、擦掉;ob(反) + liter(文字) + ate
unliterary,(adj)不矯揉做作的
monolith,(n)單塊石頭、單一龐大組織
monolithic,(adj)巨石的、巨大的;mono(單一) + lith(石頭) + ic
neolithic,(adj)新石器時代的;neo(新) + lith(石頭) + ic
dislocate,(v)使移動位置、使脫臼
locale,(n)事件發生的地點、現場
locomotion,(n)運動、移動;loc(地方) + o + mot(移動) + ion
locus,(n)地點、所在地
circumlocution,(n)迂迴累贅的陳述;circum(環繞) + locu(說) + tion
circumlocutory,(adj)委婉曲折的、迂迴的
colloquial,(adj)口語的、會話的
colloquium,(n)討論會、學術報告
colloquy,(n)談話、討論
eclogue,(n)田園詩、牧歌
elocution,(n)演說術、朗誦法
eloquence,(n)雄辯、口才
eloquent,(adj)雄辯的、流利的
epilog,(n)收場白、尾聲、(書的)後記;epi(在..之後) + log(說) + ue
eulogistic,(adj)頌揚的、歌功頌德的;eu(好) + log(說) + istic
eulogize,(v)稱讚、頌揚
gulogy,(n)頌詞、頌文
interlocutor,(n)對話者、談話者
grandiloquence,(n)誇張之言、大言不慚
loquacious,(adj)多話的、非常健談的
laconic,(adj)簡短的
locution,(n)語言風格、慣用語
magniloquent,(adj)誇張的、說大話的;magn(大) + i + loqu(話) + ent
monolog,(n)獨白、個人長篇演說
neologism,(n)新字、新義
prologue,(n)開場白、序幕;pro(前) + log(話) + ue
prophylactic,(adj)預防疾病的、預防性的;prophecy (預言) + lac(說)
tautological,(adj)重複的、贅述的
trilogy,(n)三部曲;tri(三) + log(說) + y
obloquy,(n)大罵、斥責;[類]defamation
soliloquy,(n)自言自語;sol(獨自) + i + loqu(說) + y
ventriloquist,(n)口技表演者
elongate,(v)延長、伸長
long-winded,(adj)冗長的、囉嗦的
prolong,(v)延長、拉長;pro(前) + long(長)
lubricant,(n)潤滑油、潤滑劑
lubricate,(v)使潤滑、給..上潤滑油
lubricious,(adj)光滑的、好色的
elucidate,(v)闡明、說明
lucid,(adj)清楚易懂的、明晰的
lucubration,(n)苦心研究
pellucid,(adj)清晰的、清澈的
translucent,(adj)半透明的;trans(通過) + luc(光) + ent
lucrative,(adj)賺錢的、有利可圖的
lucre,(n)(貶)錢、利益
allude,(v)暗示、間接提到
aluusion,(n)暗示、間接提到
allusive,(adj)暗指的
collude,(v)共謀、串通;col(共同) + lud(玩) + e
collusive,(adj)共謀的
delude,(v)欺騙、哄騙
delusion,(n)欺騙、幻想
elude,(v)避開、逃開
elusive,(adj)逃避的、躲避的
ineluctable,(adj)不可避免的
illusion,(n)假象、錯覺;[類]delusion
disillusion,(n)幻想破滅、醒悟
illusive,(adj)迷惑人的、迷幻的
illusory,(adj)幻覺的、夢幻似的
ludicrous,(adj)滑稽的、荒唐可笑的;[類]ridiculous; absurd
lurid,(adj)可怕的、恐怖的
prelude,(n)序幕、前奏
illuminate,(v)闡明、解釋、照亮
illuminati,(n)智者、先覺者
luminary,(n)傑出人物、才智出眾的人
preliminary,(adj)預備的、初步的
lunatic,(n)瘋子、瘋傻的人
lust,(n)有強烈慾望、貪戀、色慾
wanderlust,(n)旅遊慾、流浪癖
illustrious,(adj)著名的、顯赫的
lackluster,(adj)無光澤的、呆滯的
luster,(n)光澤、光輝
lustrous,(adj)閃亮的、光澤的
deluxe,(adj)豪華的、華麗的
luxuriant,(adj)繁茂的、肥沃的
immaculate,(adj)潔淨的、無汙垢的
maculate,(v)弄汙、加斑點
maladroit,(adj)笨拙的
malediction,(n)詛咒、咒罵
malady,(n)疾病、病
malevolent,(adj)有惡意的、惡毒的
malice,(n)惡意、害人之心、敵意
malign,(adj)惡意的、邪惡的
dismal,(adj)沉悶的、憂鬱的、淒涼的
magnanimity,(n)寬大、雅量
magnanimous,(adj)寬大的、有雅量的
magnate,(n)(企業界)巨頭、權貴
magnify,(v)放大、誇張、讚美
magniloquent,(adj)誇張的、說大話的;magn(大) + i + loqu(話) + ent
magnitude,(n)重大、廣大
immanent,(adj)內在的、普遍存在的
mansion,(n)大廈、大樓
remainder,(n)剩餘物、其餘的人
emanate,(v)散發、發出
emancipate,(v)解除、解放;e(出) + man(手) + cip(拿) + ate
manacle,(n)手銬、腳鐐
maneuver,(n)(部隊)調動、激動；精巧動作
manipulative,(adj)操作的、用手控制的
mannered,(adj)做作的
manumit,(v)解放(奴隸)
manure,(n)糞肥、施肥
countermand,(v)撤回(命令)、取消
mandate,(n)命令、指令
mandatory,(adj)命令的、指令的
remand,(v)遣回、召回
reprimand,(v)訓斥、斥責
dipsomania,(n)飲酒狂
mania,(n)瘋狂、狂熱
megalomania,(n)自大狂
monomania,(n)偏執狂;mono(單一) + mania(狂熱)
pyromania,(n)縱火狂;pyr(火) + o + mania(狂熱)
mantle,(n)覆蓋；責任、衣缽
dismantle,(v)拆開、卸除；廢除、取消
mar,(v)損壞、損傷、玷汙;[類]damage; spoil
martial,(adj)軍事的、戰爭的
martyr,(n)烈士、殉難者
mariner,(n)水手、船員
maritime,(adj)海上的、沿海的
demarcate,(v)劃分、劃界
hallmark,(n)品質證明、保證書
marked,(adj)有記號的、顯著的
amass,(v)累積(財富)
massacre,(n)大屠殺、殘殺
maternal,(adj)母親的、母性的
matriculate,(v)准許..入學、錄取..大學
matrix,(n)子宮、矩陣；(事物)成長、發展
irremediable,(adj)無法醫治、無法糾正的
mediate,(v)用藥物治療的
mediated,(v)調停解決的
mediocre,(adj)平凡的、平庸的
mediocrity,(n)平凡、平庸
intermediary,(n)仲裁者、中間物
meditate,(v)沉思、冥想、深思熟慮
premeditate,(v)預先想過、預謀
premeditated,(adj)有預謀的、有計畫的
unpremeditated,(adj)偶然的、無預謀的
ameliorable,(adj)可改善的
ameliorate,(v)使改進、改善
amelioration,(n)改善、改良
commemorate,(v)慶祝、紀念
immemorial,(adj)(年代久遠而)無法追憶的、古老的、遠古的
memento,(n)紀念物、引起回憶的東西
memoir,(n)自傳、回憶錄
memoranum,(n)備忘錄、紀錄
amenable,(adj)肯順從的、願服從的
demean,(v)貶低、貶損
demeanor,(n)舉動、行為、風度
menace,(n)威脅、恐嚇、危險的事物
menacing,(adj)威脅的、不祥的
minatory,(adj)威脅的
amend,(v)修訂
commend,(v)稱讚、讚賞
emend,(v)修正、校訂
mend,(v)修改、修補、改進
mendacious,(adj)虛偽的、說謊的;mend(修補) + acious
mendacity,(n)虛偽
mendicant,(adj)行乞的;mend(修補改善) + icant
commensurate,(adj)同樣大小的、相稱的
immense,(adj)巨大的、廣大的;im(不) + mens(測量) + e
immensity,(n)無限、廣大
incommensurate,(adj)不能配合的、不相稱的
measured,(adj)精確的、慎重的
demented,(adj)精神錯亂狀態的、瘋狂的;[類]mad
mercantile,(adj)貿易的、商業的
mercenary,(adj)為金錢的、圖利的、貪財的
asymmetric,(adj)不對稱的、不勻稱的
symmetry,(n)對稱、均衡;sym(共同) + metr(測量) + y
barometer,(n)氣壓計、晴雨表
metrical,(adj)用詩體寫的、格律詩的
odometer,(n)里程表、里程計
perimeter,(n)周長;peri(周圍) + meter(測量)
emigrate,(v)移居國外
migratory,(adj)遷移的、流浪的
militant,(adj)好戰的、富於戰鬥性的
militia,(n)民兵部隊、國民軍
eminence,(n)卓越、顯赫
eminent,(adj)出眾的、卓越的;[類]famous; distinguished
imminent,(adj)即將發生的、逼近的
preeminent,(adj)卓越的、顯著的;[類]outstanding; supreme
prominence,(n)突出物、顯著
prominent,(adj)突出的、顯著的
reminisce,(v)追憶、懷舊
reminiscent,(adj)回憶往事的、懷舊的
miniature,(n)縮樣、縮圖
minion,(n)寵僕、奴才、爪牙
minnow,(n)小魚
diminuendo,(adj)(音樂)漸弱
diminution,(n)減少、縮減
minuet,(n)小步舞(曲)
minuscule,(adj)小寫字的、微小的
minutia,(n)細節、小事
miraculous,(adj)奇蹟的、不可思議的
mirage,(n)幻影、海市蜃樓
mirth,(n)歡笑、歡樂;[類]laughter; humour
amiss,(adj)不對的、有毛病地
committed,(adj)(工作)盡忠的
demise,(n)死亡、財產轉讓
dismiss,(v)讓..離開、把..打發走
emissary,(n)特使、密使
emit,(v)發射、散發
intermission,(n)間歇、暫停;inter(之間) + miss(送) + ion
intermittent,(adj)間歇的、時斷時續的
missive,(n)信件、公函
remiss,(adj)疏忽的、不留心的
remission,(n)寬恕、赦免
remit,(v)寬恕、赦免
remittance,(n)匯款
remittent,(adj)間歇性的、忽好忽壞的
surmise,(v)推測、猜測
unremitting,(adj)不間段的、持續的
mite,(n)微小的東西、一點點
mitigant,(adj)緩和的、減輕的
mitigate,(v)使緩和、減輕
unmitigated,(adj)未緩和的、為減輕的
amnesia,(n)記憶缺失、健忘(症);a(不) + men(記憶) + sia
amnesty,(n)大赦、特赦;a(不) + men(記憶) + sty
mnemonics,(n)記憶法、記憶規則
demobilize,(v)使復原、退伍
immobile,(adj)穩定的、不動的、靜止的
immodest,(adj)不謙虛的、傲慢的
modish,(adj)流行的、時髦的
modulate,(v)調整、控制、緩和
outmoded,(adj)老式的、過時的
emollient,(n)軟化劑、潤膚劑
mollify,(v)緩和、減輕
mollycoddle,(v)過分愛惜、嬌慣
coddle,(v)溺愛、悉心照料
admonish,(v)告誡、警告
premonition,(n)預感、預兆
demonstrative,(adj)證明性的、喜怒形於色的
undemonstrable,(adj)無法證明的、難以證明的
monstrous,(adj)怪異的、駭人聽聞的
remonstrance,(n)抗議、進諫、告誡
remonstrate,(v)抗議、反對
amoral,(adj)與道德無關的、非道德性的
demoralize,(v)使士氣低落
moralistic,(adj)說教的、教訓的
mores,(n)風俗習慣、道德觀念
amorphous,(adj)無定形的
metamorphose,(v)使變形、使變質;meta(變化) + morph(形態) + ose
mordant,(adj)諷刺的、尖酸的
mordancy,(n)尖酸刻薄、嘲諷
morsel,(n)一小塊(食物)、小量
remorse,(n)懊悔、悔恨
remorselessly,(adv)冷酷地、無悔意地
amortize,(v)分期償還
immortal,(adj)不朽地、流芳百世的
morbid,(adj)病態的、不健康的
moribund,(adj)即將結束的、垂死的;mori(mort=死亡) + bund(bound)
mortality,(n)死亡人數
mortgage,(n)抵押貸款、房貸
mortification,(n)屈辱、羞愧
mortify,(v)使感屈辱、失面子
mortuary,(n)停屍間、太平間
commotion,(n)騷動、喧鬧;com(全部) + mot(動)
demote,(v)降級、降職
emote,(v)激動地表達感情
locomotive,(adj)移動的
motile,(adj)能動的、有自動力的
motility,(n)機動性
promote,(v)提升、促進
paramount,(adj)至高無上的、主要的;para(旁邊、靠近) + mount(山)
surmount,(v)克服、戰勝;sur(超越) + mount(山)
tantamount,(adj)同等的、相當於
communal,(adj)全體共有的、共享的
commune,(n)公社、群居團體
uncommunicative,(adj)不愛說話的、拘謹的
municipality,(n)自治市、市政當局
munificence,(n)慷慨、寬宏大量
munificent,(adj)寬宏的、慷慨的
demur,(v)表示異議、反對
demure,(adj)裝作一本正經的、裝害羞的
immure,(v)監禁、禁閉
mural,(adj)牆壁的、掛在牆壁上的
murky,(adj)黑暗的、陰鬱的
commute,(v)減輕(刑罰)、通勤
immutable,(adj)不變的
immutability,(n)永遠不變
mutable,(adj)可變的、易變的
mutate,(v)變化、產生突變
mutilate,(v)殘害、截肢
mutineer,(n)反叛者、背叛者
muninous,(adj)暴動的、反抗的、反叛的
transmute,(v)使變形、變化
demystify,(v)弄清楚
mystic,(adj)神秘的、不可思議的
mysticism,(n)神祕主義
innate,(adj)與生俱來的、固有的
nascent,(adj)初生的、萌芽的
natal,(adj)出生的、出生時的
natation,(n)游泳 (swimming)
neonate,(n)嬰兒
renascent,(adj)新生的、再生的
nausea,(n)作嘔、嘔心
nauseate,(v)作嘔、厭惡
nautical,(adj)航海的
navigate,(v)航海、導航
abnegate,(v)否認、放棄
abnegateion,(n)放棄、自我犧牲;[類]denial; renunciation
negate,(v)取消、否認;[類]deny; disprove
negligence,(n)粗心、疏忽
negligent,(adj)粗心的、疏忽的
nugatory,(adj)無價值的、無效的
renegade,(n)背叛者、叛徒
renege,(v)背信、違約
enervate,(v)使失去活力、衰弱
nerve,(n)神經
neurology,(n)神經學
neurosis,(n)神經官能症、神經症
neutron,(n)中子
annex,(v)兼併、附加
annexation,(n)併吞、合併
nexus,(n)聯繫、連結
******,(n)黑鬼(極冒犯)
denigrate,(v)汙衊、誹謗
nigrify,(v)使變黑
innocuous,(adj)(行為、言論)無害的
noxious,(adj)有害的、有毒的
noisome,(adj)有害的、有害健康的
obnoxious,(adj)令人不愉快的
pernicious,(adj)有毒的、致命的;per(完全) + nic(毒) + ious
anomaious,(adj)反常的、不規則的
anomaly,(n)反常、不規則、畸形
normatie,(adj)合乎規範的
denominate,(v)命名、提名
denomination,(n)名稱、面額、單位
ignominious,(adj)可恥的、恥辱的
ignominy,(n)恥辱、羞恥
misnomer,(n)人名誤載、寫錯姓名
nominal,(adj)名義上的
enormity,(n)極惡、暴行
enormous,(adj)極大的、巨大的
nostalgia,(n)鄉愁
nostrum,(n)家傳秘方、江湖藥
annotate,(v)註解
connotation,(n)含蓄、言外之意
denote,(v)表示、預示、(符號)代表
notability,(n)值得注意的、顯著的
notate,(v)以符號表示
notch,(n)凹口、刻痕
notoriety,(n)惡名昭彰、聲名狼藉
notorious,(adj)惡名昭彰的
denounce,(v)指責、譴責
pronounced,(adj)明確的、明顯的
renounce,(v)聲明、放棄、拋棄
denunciate,(v)公開指責、譴責、抨擊
enunciate,(v)發音、清楚表達、闡明
nova,(n)新星
novice,(n)新手、初學者
supernova,(n)超新星
connubial,(adj)結婚的、夫婦的
nubile,(adj)吸引人的、性感的
annihilate,(v)殲滅、消滅、毀滅
annul,(v)宣告無效、取消
nihilism,(n)虛無主義、懷疑論
null,(adj)無效的、等於零的
nullify,(v)使無效、廢棄
enurmerate,(v)列舉、枚舉
numerology,(n)數字命理學
nutritious,(adj)營養的、滋養的
malodor,(n)惡臭;male(壞) + odor(氣味)
odoriferous,(adj)香的、芬芳的;odor(氣味) + i + fer(帶來)+ ous
odorless,(adj)無臭的
abominate,(v)厭惡、痛恨;ab(遠離) + omin(=omen 凶兆)
abominable,(adj)可惡的、極壞的;[類]loathsome(可惡的)
ominous,(adj)預兆的、不祥的
exonerate,(v)免除責任、宣布無罪;ex(免除) + oner(負擔) + ate
exoneration,(n)釋罪、免除
onerous,(adj)繁重的、麻煩的
acronym,(n)首字母縮略字;acro(高) + onym(名稱)
anonymity,(n)匿名、作者不詳;an(無) + onym(名稱) + ity
pseudonym,(n)假名、筆名;pseud(假) + onym(名稱) + ous
synonymous,(adj)同義的;syn(共同) + onym(名稱) + ous
opacity,(n)不透明性、晦澀
opalescence,(n)乳白色
oplaescent,(adj)發乳白光的
opaque,(adj)不透明的、難懂的
operable,(adj)可操作的、使用的
operetta,(n)小歌劇
myopia,(n)目光短淺、缺乏遠見;my(自己) + op(看、視力)
optimum,(adj)最好的、最有利的
synoptic,(adj)概要的
opulent,(adj)豐饒的、華麗的
opulence,(n)財產、豐富
inexorable,(adj)不為所動的、堅決不變的;in(不) + ex(出) + ora(說) + ble
oracular,(adj)神諭的、玄妙的、晦澀的
oration,(n)演講、演說
oratorio,(n)清唱劇
oratory,(n)演講術、雄辯術
orifice,(n)孔、洞
exorbitant,(adj)過分的、過度的
orbital,(adj)軌道的
foreordain,(v)預先注定;fore(先前) + ordain(命令)
ordain,(v)任命(神職)、頒發命令
ordinance,(n)法令、條例
ordnance,(n)大砲、軍械
inordinate,(adj)過度的、過分的;in(不) + ordin(正常) + ate
insubordinate,(adj)不服從的、違抗的;[類]disobedient; rebellious
subordinate,(adj)次要的、下級的;sub(下面) + ordin(順序) + ate
orient,(n)確定方向、使熟悉情況
adorn,(v)裝飾
unadorned,(adj)未裝飾的、原來的、樸素的
ornamental,(adj)裝飾的
ornate,(adj)裝飾華麗的
suborn,(v)收買、賄賂;sub(下面) + orn(裝飾)
osseous,(adj)骨的、多骨的
ossify,(v)硬化、僵化
appease,(v)使平靜、安撫
pacify,(v)安靜、撫慰
appall,(v)使驚駭、恐怖
impale,(v)穿刺、刺穿
pallid,(adj)蒼白的
paltry,(adj)不足取的、沒有價值的
impalpable,(adj)無法感觸到的、無形的
palpable,(adj)可觸知的、極其明瞭的;[類]tangible
palpitate,(v)(心臟)悸動、噗噗地跳
apparatus,(n)設備、儀器
apparel,(n)(精緻的)衣服
vituperation,(v)謾罵、辱罵
apparition,(n)幽靈、亡靈、幻影
disparage,(v)貶抑、輕蔑
disparate,(adj)不同的、異類的
disparity,(n)不同、不等;[類]difference ; inequality
nonpareil,(adj)無法匹敵的;non(沒有) + par(平等) + eil
parity,(n)同等、類似、相同
parody,(n)拙劣的模仿
paroxysm,(n)(疾病週期性)發作; (感情)爆發
parturition,(n)生產、分娩
compartment,(n)間隔、車廂
counterpart,(n)相對應的人或物
impart,(v)分給、給予、傳授
impartial,(adj)無私的、公平的
partial,(adj)局部的、偏袒的
partiality,(n)偏心、偏袒
particulate,(n)(汽車引擎排出的)微粒、顆粒
partisan,(n)支持者、黨派
partition,(n)分開、分割
impasse,(n)僵局、死路
surpass,(v)勝過、優於、大於;sur(超越) + pass(通過)
trespass,(v)侵犯、闖入私人領域
antipathy,(v)反感、厭惡
apathetic,(adj)無感情的;a(無) + path(感情) + etic
apathy,(n)無感情、漠然;a(無) + path(感情) + etic
compatible,(adj)和諧共處的、相容的;com(共同) + pat(感情) + ible
compassion,(n)同情、憐憫
compassionate,(adj)有同情心的
impassioned,(adj)充滿熱情的、慷慨激昂的
impassive,(adj)被動的、冷漠的、無動於衷的
passivity,(n)被動、消極
pathetic,(adj)引起憐憫的、令人難過的
pathogen,(n)病原體
pathological,(adj)病理上的
pathology,(n)病理學
pathos,(n)(文章、情況、藝術品)感染力；引起憐憫、感傷
unimpassioned,(adj)心平氣和的
compatriot,(n)同胞、同國人
expatriate,(v)驅逐出國、脫離國籍、流放
patriarchal,(adj)家長的、父權制的
patrician,(n)貴族
patrimony,(n)遺產、祖產
patriot,(n)愛國者、愛國主義
patronage,(n)贊助、資助；任命權
patron,(n)贊助人、資助人
patronize,(v)對...擺出高人一等的姿態
patronizing,(adj)自以為高人一等的；擺出恩賜態度的
repatriate,(v)把..遣返回國
impeccable,(adj)無懈可擊的、無缺點的
peccadillo,(n)輕罪、小過
impecunious,(adj)一文不值的、貧困的
peculate,(v)挪用、盜版
pecuniary,(adj)金錢的、錢財方面的
biped,(n)兩足的、兩腳動物
expediency,(n)方便、權宜之計、應急辦法;ex(出) + ped(腳) + iency
expedient,(adj)方便的、權宜的、應急的;ex(外) + ped(腳) + ient
expedite,(v)促進、加快過程;[類]hasten
inexpedient,(adj)不明智的、不適當的
expeditious,(adj)迅速的、敏捷的
impede,(v)妨礙、阻礙、阻止
impediment,(n)妨礙、障礙物
pedestrian,(n)步行者、行人;(adj)步行的；平淡的、缺乏想像的
pejorative,(adj)貶抑的、輕蔑的
peripatetic,(adj)流動的、到處走的;[類]itinerant;peri(周圍) + pat(=ped腳)
quadruped,(n)四足動物;quard(四) + u + ped(腳)
pedal,(n)踏板
pedagogic,(adj)教育學的、教學法的
pedant,(n)迂腐之人、書呆子
pedantic,(adj)賣弄學問的
pedantry,(n)迂腐
pediatrics,(n)小兒科
compelling,(adj)令人注目的、強制的
dispel,(v)驅散、消除
expel,(v)驅逐、趕走
impel,(v)推動、推進
propel,(v)推進、推;pro(前) + pel(推)
repel,(v)擊退、驅除
repellent,(adj)擊退的、令人厭惡的
pen,(n)（關禽，畜的）欄，圈；一欄家畜
penal,(adj)懲罰的、刑罰的
penalize,(v)對...處刑、規定...應處刑
penance,(n)(贖罪的)苦行、苦修
penitential,(adj)後悔的、懺悔的
appendage,(n)附屬物
compendious,(adj)簡要的、概略的
compendium,(n)簡略、概要
impend,(v)迫近、逼近、即將發生
impending,(adj)即將發生的、逼近的
penchant,(n)愛好、嗜好
pendent,(adj)吊著的、懸掛著的
pending,(adj)未定的、待定的
pendulous,(adj)下垂的
pendulum,(n)擺錘、鐘擺
pensive,(adj)沉思的、愁眉苦臉的
perpendicular,(adj)垂直的、成直角的;per(完全) + pend(掛) + ity
suspense,(n)掛念、擔心、懸念
compensatory,(adj)賠償的、補償的
dispense,(v)施予、分配、免除
dispensable,(adj)不必要的、可有可無的;dis(不) + pens(花費) + able
expenditure,(n)消費、支出
recompense,(v)報酬、賠償
personable,(adj)優雅的、貌美的
personage,(n)大人物、要人
personiication,(n)典型、化身、完美榜樣
impersonal,(adj)不受感情影響的
impersonate,(v)扮演、模仿
pester,(v)煩擾、糾纏
pestilent,(adj)致命的、要命的
pestilential,(adj)討厭的、瘟疫似的
appetizing,(adj)開胃的、刺激食慾的
centripetal,(adj)向心的;centri(中心) + pet(追求) + al
competence,(n)勝任、能力
impetuous,(adj)性急的、魯莽的、衝動的
impetus,(n)推動、促進
perpetual,(adj)永久的、連續不斷的;[類]permanent
petition,(n)請願、請願書
peulant,(adj)暴躁的、壞脾氣的;[類]peevish; irritable
propitious,(adj)有利的、吉祥的;[類]favorable; auspicious
petrify,(v)使石化、使嚇呆、僵化
petrology,(n)岩石學
diaphanous,(adj)精緻的、透明的;dia(穿過) + phan(呈現) + ous
ephemeral,(adj)朝生暮死的、生命短暫的[類]transitory; transient
euphemism,(n)委婉的說法
sycophant,(n)拍馬屁者;[類]fawner; flunky
hemophilia,(n)血友病、出血不止;hemo(血) + phil(愛) + a
philatelist,(n)集郵家
philately,(n)集郵
acrophobia,(n)懼高症;acro(高) + phobia(恐懼)
phobia,(n)恐懼症
xenophobe,(n)仇視外國者;xeno(外國人) + phob(恐懼) + e
xenophobia,(n)仇外、排外
cacophony,(n)雜音、不和諧音
cacophonous,(adj)發音不和諧的、不協調的
euphonious,(adj)悅耳的、聲音和諧的;eu(好) + phon(聲音) + ious
phonetic,(adj)發音的、語音的
phony,(adj)假的、欺騙的
aphorism,(n)格言、警句、箴言;[類]maxim; adage; axiom; dictum
euphoria,(n)心情愉快、興奮;eu(好) + phor(帶來) + ia
euphoric,(adj)心情愉快的、心滿意足的
photorespiration,(n)光合作用
photosensitive,(adj)感光的
photosynthesis,(n)光合作用
neophyte,(n)新手、新信徒;[類]tyro; beginner
xerophyte,(n)旱生植物;xero(乾燥) + phyte(植物)
expiate,(v)贖罪、補償;ex(出) + pi(虔誠) + ate
expiation,(n)贖罪、補償
inexpiable,(adj)不能補償的
piety,(n)孝順、孝敬
pious,(adj)虔誠的、盡責的
picturesque,(adj)圖畫般的、美麗的
capillary,(n)毛細管
capterpillar,(n)毛毛蟲
pinnacle,(n)尖頂、小尖塔
pinpoint,(n)準確地、尖針
complacence,(n)自滿、沾沾自喜
complacent,(adj)滿足的、自滿的;com(全部) + plac(平靜、滿足) + ent
complaisant,(adj)彬彬有禮的、柔順的;[類]obliging
placate,(v)撫慰、平息
placebo,(n)安慰劑、寬心丸
placid,(adj)安靜的、平和的
platitude,(n)平凡、陳腔濫調
supplant,(v)排擠、取代;sup(下面) + plant(栽種)
applaud,(v)鼓掌歡迎
implausible,(adj)難以置信的
laudatory,(adj)表示讚美的;[反]invective(謾罵的); execrable(可憎的); pejorative(輕蔑的);
plaudit,(n)拍手喝采、讚美
plea,(v)請求、懇求
pleading,(n)辯護、答辯; (adj)訴願的、懇求的
plenary,(adj)全體出席的
plenitude,(n)充分、完全;[類]abundance
pleonastic,(adj)冗言的、重複的;pleon(=plen,滿、多) + astic
replenish,(v)補充、再充滿
plethora,(n)過量、過剩
replete,(adj)充滿的、裝滿的
compliance,(n)遵從、順從
pliable,(adj)柔軟的、易彎的
pliant,(adj)易受影響的、易彎曲的;[類]supple
pliers,(n)鑷子、鉗子
accomplice,(n)同謀者、幫兇;ac + com(共同) + plic(重疊) + e
duplicitous,(adj)奸詐的、騙人的;[類]deception
explicable,(adj)可解釋的、可辨明的
explicate,(v)解釋、闡述
inexplicable,(adj)無法說明的
suppliant,(adj)懇求的、哀求的
supplicant,(n)懇求者、乞求者
supplicate,(v)懇求、乞求;sup(下面) + plic(折疊) + e
implode,(v)內爆、劇減
deplore,(v)對..深感遺憾、哀嘆
implore,(v)哀求、懇求
podiatrist,(n)足科醫師
podium,(n)講台、指揮台
tripod,(n)三腳架;tri(三) + pod(腳)
extrapolate,(v)推斷;extra(外面) + pol(放) + ate
interpolate,(v)插入、竄改;inter(在..中間) + pol(放) + ate
apolitical,(adj)非政治的、不關心政治的
impolitic,(adj)不明智的
politic,(adj)明智的、精明的、不擇手段的;[類]prudent 審慎的
pompous,(adj)浮華的、愛炫耀的;[類]arrogant; bombastic
pontificate,(v)自以為是地發表意見
ponderable,(adj)有重量的、有價值的
ponderous,(adj)笨重的、笨拙的；(文章、談話)沉悶的、乏味的
preponderant,(adj)優勢的、壓倒性的
preponderate,(v)壓倒、超過
imponderable,(adj)無法衡量的
comport,(v)舉動、舉止
deport,(v)驅逐(出境)、具...舉止
deportment,(n)儀態、舉止、風度;[類]bearing
disport,(v)玩耍、嬉戲
importune,(v)向...強求;[類]besiege
opportune,(adj)恰好的、適宜的
purport,(v)意旨、聲稱;pur(=pro向前) + port(拿)
apposite,(adj)適當的、貼切的
composed,(adj)鎮靜的、沉著的
compost,(n)混合物、堆肥
composure,(n)平靜、鎮靜
decompose,(v)分解、腐爛
depose,(v)罷免、廢王位
deposition,(n)放假、使沉積
disposable,(adj)免洗的、可動用的
disposition,(n)處理、天性
discompose,(v)使失態、慌張
exposition,(n)闡述、說明
expository,(adj)說明的、評註的
impose,(v)徵(稅)、加(負擔)
imposing,(adj)壯麗的、宏偉的
impostor,(n)冒充者、騙子
imposture,(n)詐欺
interpose,(v)置於...之間、介入
juxtapose,(v)並列、並置
juxtaposition,(n)並列、並置
poseur,(n)裝模作樣的人
posit,(v)斷定、認為;[類]suggest; assume; postulate
predisposition,(n)傾向
proposition,(n)提議、建議
recompose,(v)修改、改編
repose,(v)躺著休息、安睡
repository,(n)容器、儲藏處、寶庫
superimpose,(v)加在上面
symposium,(n)討論會、座談會
transpose,(v)變換位置、調換
despot,(n)專制君主、暴君
despotic,(adj)暴君的、專橫的
despotism,(n)專政、暴政;[類]tyranny
omnipotent,(adj)全能的、萬能的
potent,(adj)強而有力的、有影響的
potentiate,(v)加強(力量、效果)
deprave,(v)使墮落、惡化;de(向下) + prave(壞)
depraved,(adj)惡化的、墮落的
depravity,(n)墮落、惡習
deprecate,(v)反對、輕視
deprecation,(n)反對
deprecatory,(adj)不贊同的
imprecation,(n)詛咒;[類]oath; curse
precarious,(adj)不穩的、危險的
self-deprecating,(adj)自貶的
appreciable,(adj)可察覺到的
inappreciable,(adj)微不足道的
depreciate,(v)降低...的價值(或亞格)
depredation,(n)掠奪、蹂躪
apprehend,(v)理解；逮捕；恐懼
apprehensive,(adj)憂鬱的、恐懼的
prehensile,(adj)能抓東西的、能禪澳東西的
reprehend,(v)申斥、指責;[類]reprimand
reprehensible,(adj)應受譴責的
depressant,(adj)有鎮靜劑作用的、鎮定劑
impressionable,(adj)敏感的、易受影響的
repress,(v)壓抑、抑制、鎮壓;[類]restrain; suppress
repressed,(adj)被壓制的、被壓抑的
repressive,(adj)壓制的、壓抑的
primal,(adj)最初的、原始的
primate,(n)(地區內)最高階的主教；靈長類動物[類]archbishop
primitive,(adj)原始的、遠古的、基本的
primordial,(adj)原始的、最初的
pristine,(adj)原始的、清新的、純樸的[類]unspoilt
privation,(n)喪失、貧困
privy,(adj)個人的、私人的
foolproof,(adj)容易的、簡單的
soundproof,(adj)隔音的
fireproof,(adj)防火的
approbation,(n)稱讚、認可、批准
approbatory,(adj)稱讚的、認可的;[類]approving; sanctioning
disappobation,(n)反對、責備、不贊成;[類]disapproval
disproof,(n)反對、反駁
disprove,(v)證明..是假的、博
probity,(n)誠實、廉潔
proofread,(v)校對、校勘
reproof,(n)責備、指責
reprove,(v)告誡、好言相勸;[類]admonish
propagate,(v)繁殖、傳播、宣傳
propagation,(n)繁殖、增值、宣傳
propaganda,(n)政治宣傳
apropos,(adj/adv)適當的(地)、恰當的(地)
expropriate,(v)徵收、沒收
malapropism,(n)文字誤用
proprietary,(adj)私有的
propriety,(n)禮節、適當
impropriety,(n)不得體的言行舉止、不合適
prosaic,(adj)乏味的、散文的
prosaist,(n)散文家、平凡的人
prose,(n)散文、散文體
imprudent,(adj)不謹慎的、輕率的、魯莽的
prude,(n)過分守禮的人、老古板
prudish,(adj)裝規矩的、過分拘謹的
psyche,(n)心靈、精神
impudent,(adj)魯莽的、無禮的
repudiate,(v)拒絕、拋棄;[類]disaffirm; contradict
repudiation,(n)拒絕接受
impugn,(v)指責、對..表示懷疑
pugnacious,(adj)愛爭吵的、愛鬥爭的
pugilism,(n)拳擊、搏擊
pugilist,(n)拳擊手
repugnance,(n)反感、厭惡
repugnant,(adj)厭惡的、反感的
cnvulse,(v)使振動、震驚
convulsion,(n)抽蓄、驚厥
expulsion,(n)驅逐、開除
propulsion,(n)推進力
pulsate,(v)悸動、脈動
pulsation,(n)脈動、跳動
repulse,(v)擊退、驅逐
repulsion,(n)反感、厭惡
revulsion,(n)厭惡、憎惡、(感情的)劇變
acupuncture,(n)針灸
compunction,(n)懊悔、良心不安
expunge,(v)除去、刪去;ex(出) + pung(刺) + e
punctilious,(adj)精密細心的、一絲不苟的
punctual,(adj)準時的、守時的
puncture,(n)刺穿、刺破
pungent,(adj)有刺激性的、辣的
expurgate,(v)刪除、使純潔
purgative,(adj)淨化的;(n)瀉藥
purgatory,(n)滌罪
purge,(v)清洗、洗滌
unexpurgated,(adj)未刪除的、完整的
empyreal,(adj)天堂的
pyre,(n)火葬用的柴堆
queer,(adj)奇怪的、古怪的
quirky,(adj)離奇的、古怪的
quirkiness,(n)離奇、古怪
acquiesce,(v)勉強同意、默許
acquiescence,(n)默許、默認
quiescence,(n)靜止、沉默、沉寂
quiescent,(adj)靜止的、沉默的
tranquil,(adj平靜的、安靜的
abrade,(v)磨損、刮除;ab(離開) + rad(摩擦) + e
abrasive,(adj)有研磨、磨蝕作用的
deracinate,(v)根除、杜絕;[類]uproot
eradicate,(v)根絕、撲滅
iradicable,(adj)不能根除的
irascible,(adj)易怒的、暴躁的
irate,(adj)發怒的、生氣的;[類]wrathful; incensed; enraged
raze,(v)拆毀、夷平;[類]demolish
irradiate,(v)使明亮、照亮；啟發；照射
radiant,(adj)光芒四射的
rapacious,(ad)搶奪的、貪婪的
rapscallion,(n)流氓、惡棍
raptorial,(adj)食肉的、兇猛的
rapt,(adj)專心致志的、全神貫注的
enrapture,(v)使狂喜、高興
erect,(adj)豎立的、直立的
insurrection,(n)造反、叛亂
rectify,(v)矯正、改正
rectitude,(n)公正、正直
resurrect,(v)使復活、復甦;[類]reanimate; recharge;
interregnum,(n)空位期、無王時期;inter(在..中間)+ reg(統治)+ num
regal,(adj)帝王的、王室的
regent,(n)攝政者、攝政王
regiment,(n)軍團、嚴密管制
regimental,(adj)團隊的
reign,(n)統治、支配
reigning,(adj)在位的、統治的
rein,(n/v)駕馭、統治；韁繩、勒住
sovereign,(n)最高統治者、元首
reptile,(n)爬蟲類
reptilian,(adj)爬蟲類的；卑下的
subreption,(n)隱瞞真相、歪曲事實
surreptitious,(adj)秘密的、偷偷摸摸的
arrhythmic,(adj)無節奏的、不規則的;a(無) + r + rhythm(節奏) + ic
deride,(v)嘲笑、嘲弄;[類]mock; scorn
derisive,(adj)嘲笑的
ridicule,(v)奚落、嘲笑
rigor,(n)嚴格、嚴苛、精確;[類]severity
rigorous,(adj)嚴格的、嚴峻的;[類]severe; strict
derivative,(adj)非原創的、衍生的
rife,(adj)充斥著的、大量的
riveting,(adj)有吸引力的、引人入勝的;[類]engrosing
corroborate,(v)證實、確證
corroboration,(n)證實、確證
robust,(adj)強健的、茁壯的;[類]vigorous; healthy
corrode,(v)腐蝕、侵蝕
corrosive,(adj)腐蝕性的
erode,(v)侵蝕、受到侵蝕
abrogate,(v)廢止、廢除;ab(脫離) + rog(要求) + ate
arrogate,(v)冒稱、霸佔
derogate,(v)貶低、誹謗;[類]detract from ...
derogatory,(adj)不敬的、貶損的
interrogate,(v)訊問、審訊;inter(互相) + rog(詢問) + ate
prerogative,(n)特權;pre(預先) + rog(要求) + tive
prorogue,(n)休會、延期
supererogatory,(adj)職責以外的、多餘的;super(超過) + rog(要求) + atory
surrogate,(n)代替品、代理人
rote,(n)死背硬記、機械式地做法
rotund,(adj)圓胖的、(聲音)宏亮的
erudite,(adj)博學的;e(出) + rud(無知) + ite
erudition,(n)博學、學識
rudimentary,(adj)基本的、初步的
corrugate,(v)起波浪形狀、起皺紋
corrugated,(adj)起皺紋的;[類]folded; wrinkled; furrowed
shrug,(v)聳肩
disrupt,(v)使分裂、瓦解
rupture,(n)斷裂
consecrate,(v)用作祭祀、獻給
desecrate,(n)玷汙、褻瀆
execrable,(adj)可憎恨的、惡劣的
execrate,(v)憎恨、詛咒;ex(出) + secr(神聖) + ate
sacrament,(n)聖禮、聖典
sacred,(adj)神聖的、莊嚴的
sacrilege,(v)褻瀆、冒犯神靈;sacri(神聖) + leg(聚集) + e
sacrilegious,(adj)褻瀆神明的、應該受天譴的;[類]desecrating; profane
sacrosanct,(adj)神聖不可侵犯的
desalinize,(v)去鹽分;de(外) + sal(鹽分) + inize
saliferous,(adj)含鹽的、產鹽的;sal(鹽) + i + fer(帶來) + ous
saline,(adj)含鹽的、鹹的
salubrious,(adj)有益健康的、清爽的
salutary,(adj)有意的、有益健康的
salutation,(n)招呼、致意、敬禮
salute,(n)行舉手禮、向..致敬
assail,(v)抨擊、猛攻
assault,(n)猛襲、突然襲擊
desultory,(adj)無計畫的、無目的的、不連貫的、散漫的;[類]digressive; excursive; meandering; rambling; wandering
exult,(v)狂喜、狂歡鼓舞
exultant,(adj)狂喜的、歡欣鼓舞的;[類]exulting; triumphant
salient,(adj)顯著的、突出的;[類]conspicuous
sanatorium,(n)療養院、休養院
sanitary,(adj)衛生的、清潔的
insane,(adj)精神病的、神經錯亂的
sane,(adj)神智清楚的、明智的
sanity,(n)精神正常、健全
sanctify,(v)使神聖化
sanctimonious,(adj)假裝虔誠的、聖潔的;sanct(神聖的) + moni(模擬)
sanction,(n)認可、批准、國際制裁
sanctuary,(n)聖地、庇護所
sanctum,(n)聖索、密室;[類]holy place
sangforid,(n)沉著、冷靜
sanguine,(adj)自信樂觀的
insatiable,(adj)不知足的、貪得無厭的
sate,(v)使心滿意足、厭膩
sated,(adj)過飽的、充分滿足的
satiate,(v)使飽足
saturated,(adj)滲透的、飽和的
sagacious,(adj)睿智的、聰明的
savant,(n)學者、專家
savvy,(n)有見識、精明能幹
escalate,(v)升級、擴大、上升
escalation,(n)逐步上升、擴大
upscale,(v)升檔、迎合、升高一級
ascendancy,(n)統治權、支配的力量
ascent,(n)上升、攀登、上坡
condescend,(v)輕慢、懷著優越感;不擺架子
condescending,(adj)屈尊
descendant,(n)後代、後裔
descent,(v)降落、侵襲、血統
slander,(n)誹謗、詆毀;[類]defame
transcend,(v)超越、超過;trans(超國) + scend(爬)
transcendent,(adj)超越的、卓越的
transcendental,超鮮豔的、超越經驗的